{"Lab": {"_Height": "14", "_Name": "lab de teste", "_Width": "28", "Beacon": {"_Height": "2", "_X": "20", "_Y": "7"}, "Target": {"_Radius": "2", "_X": "20", "_Y": "7"}, "Wall": [{"_Height": "3", "Corner": [{"_X": "8", "_Y": "2"}, {"_X": "8", "_Y": "0"}, {"_X": "8.5", "_Y": "0"}, {"_X": "8.5", "_Y": "2"}]}, {"_Height": "3", "Corner": [{"_X": "21", "_Y": "14"}, {"_X": "21", "_Y": "11.5"}, {"_X": "22", "_Y": "11.5"}, {"_X": "22", "_Y": "14"}]}, {"_Height": "3", "Corner": [{"_X": "21", "_Y": "2.5"}, {"_X": "21", "_Y": "0"}, {"_X": "22", "_Y": "0"}, {"_X": "22", "_Y": "2.5"}]}, {"_Height": "3", "Corner": [{"_X": "8", "_Y": "14"}, {"_X": "8", "_Y": "12"}, {"_X": "8.5", "_Y": "12"}, {"_X": "8.5", "_Y": "14"}]}, {"_Height": "1", "Corner": [{"_X": "13", "_Y": "2.5"}, {"_X": "13.5", "_Y": "3.5"}, {"_X": "13", "_Y": "4.5"}, {"_X": "12", "_Y": "4.5"}, {"_X": "11.5", "_Y": "3.5"}, {"_X": "12", "_Y": "2.5"}]}, {"_Height": "3", "Corner": [{"_X": "16.5", "_Y": "2"}, {"_X": "16.5", "_Y": "0"}, {"_X": "17", "_Y": "0"}, {"_X": "17", "_Y": "2"}]}, {"_Height": "3", "Corner": [{"_X": "16.5", "_Y": "14"}, {"_X": "16.5", "_Y": "12"}, {"_X": "17", "_Y": "12"}, {"_X": "17", "_Y": "14"}]}, {"_Height": "1", "Corner": [{"_X": "13", "_Y": "9.5"}, {"_X": "13.5", "_Y": "10.5"}, {"_X": "13", "_Y": "11.5"}, {"_X": "12", "_Y": "11.5"}, {"_X": "11.5", "_Y": "10.5"}, {"_X": "12", "_Y": "9.5"}]}, {"_Height": "1", "Corner": [{"_X": "5", "_Y": "3.5"}, {"_X": "5", "_Y": "10.5"}, {"_X": "3.5", "_Y": "10.5"}, {"_X": "3.5", "_Y": "3.5"}]}, {"_Height": "3", "Corner": [{"_X": "8.5", "_Y": "4.5"}, {"_X": "8.5", "_Y": "6.8"}, {"_X": "10.1", "_Y": "6.8"}, {"_X": "10.1", "_Y": "7.2"}, {"_X": "8.5", "_Y": "7.2"}, {"_X": "8.5", "_Y": "9.5"}, {"_X": "8", "_Y": "9.5"}, {"_X": "8", "_Y": "4.5"}]}, {"_Height": "1", "Corner": [{"_X": "24", "_Y": "5.5"}, {"_X": "24", "_Y": "8.5"}, {"_X": "23", "_Y": "8.5"}, {"_X": "23", "_Y": "5.5"}]}, {"_Height": "1", "Corner": [{"_X": "17", "_Y": "4.5"}, {"_X": "17", "_Y": "9.5"}, {"_X": "16.5", "_Y": "9.5"}, {"_X": "16.5", "_Y": "7.2"}, {"_X": "14.9", "_Y": "7.2"}, {"_X": "14.9", "_Y": "6.8"}, {"_X": "16.5", "_Y": "6.8"}, {"_X": "16.5", "_Y": "4.5"}]}]}}
