{"Parameters": {"_ArrivalTimePenalty": "100", "_BeaconAperture": "3.150000", "_BeaconLatency": "1", "_BeaconNoise": "2", "_BeaconRequestable": "Off", "_CollisionLatency": "0", "_CollisionRequestable": "Off", "_CollisionRobotPenalty": "1", "_CollisionWallPenalty": "1", "_CompassLatency": "1", "_CompassNoise": "0", "_CompassRequestable": "Off", "_CycleTime": "50", "_GPS": "Off", "_GPSDirNoise": "0", "_GPSLinNoise": "0", "_Grid": "/tmp/tmpUYxwkY", "_GroundLatency": "1", "_GroundRequestable": "Off", "_HomeReward": "100", "_KeyTime": "1800", "_Lab": "/tmp/tmp7hzT2h", "_MotorsNoise": "1.5", "_NBeacons": "1", "_NRequestsPerCycle": "4", "_ObstacleLatency": "1", "_ObstacleNoise": "0", "_ObstacleRequestable": "Off", "_ReturnTimePenalty": "25", "_ScoreSensor": "Off", "_ShowActions": "True", "_SimTime": "1000", "_TargetReward": "100"}}
